<?xml version="1.0" encoding="UTF-8"?>
<GenRun Id="impl_1" LaunchPart="xc7k325tffg900-2" LaunchTime="1768417621">
  <File Type="ROUTE-PWR" Name="Genesys2_VideoDemoR1_power_routed.rpt"/>
  <File Type="PA-TCL" Name="Genesys2_VideoDemoR1.tcl"/>
  <File Type="ROUTE-PWR-SUM" Name="Genesys2_VideoDemoR1_power_summary_routed.pb"/>
  <File Type="REPORTS-TCL" Name="Genesys2_VideoDemoR1_reports.tcl"/>
  <File Type="OPT-RQA-PB" Name="Genesys2_VideoDemoR1_rqa_opted.pb"/>
  <File Type="BITSTR-MMI" Name="Genesys2_VideoDemoR1.mmi"/>
  <File Type="OPT-METHODOLOGY-DRC" Name="Genesys2_VideoDemoR1_methodology_drc_opted.rpt"/>
  <File Type="INIT-TIMING" Name="Genesys2_VideoDemoR1_timing_summary_init.rpt"/>
  <File Type="OPT-TIMING" Name="Genesys2_VideoDemoR1_timing_summary_opted.rpt"/>
  <File Type="OPT-DCP" Name="Genesys2_VideoDemoR1_opt.dcp"/>
  <File Type="OPT-DRC" Name="Genesys2_VideoDemoR1_drc_opted.rpt"/>
  <File Type="OPT-HWDEF" Name="Genesys2_VideoDemoR1.hwdef"/>
  <File Type="PWROPT-DCP" Name="Genesys2_VideoDemoR1_pwropt.dcp"/>
  <File Type="PWROPT-DRC" Name="Genesys2_VideoDemoR1_drc_pwropted.rpt"/>
  <File Type="PWROPT-TIMING" Name="Genesys2_VideoDemoR1_timing_summary_pwropted.rpt"/>
  <File Type="PLACE-DCP" Name="Genesys2_VideoDemoR1_placed.dcp"/>
  <File Type="PLACE-IO" Name="Genesys2_VideoDemoR1_io_placed.rpt"/>
  <File Type="PLACE-CLK" Name="Genesys2_VideoDemoR1_clock_utilization_placed.rpt"/>
  <File Type="PLACE-UTIL" Name="Genesys2_VideoDemoR1_utilization_placed.rpt"/>
  <File Type="PLACE-UTIL-PB" Name="Genesys2_VideoDemoR1_utilization_placed.pb"/>
  <File Type="PLACE-CTRL" Name="Genesys2_VideoDemoR1_control_sets_placed.rpt"/>
  <File Type="PLACE-SIMILARITY" Name="Genesys2_VideoDemoR1_incremental_reuse_placed.rpt"/>
  <File Type="PLACE-PRE-SIMILARITY" Name="Genesys2_VideoDemoR1_incremental_reuse_pre_placed.rpt"/>
  <File Type="BG-BIN" Name="Genesys2_VideoDemoR1.bin"/>
  <File Type="PLACE-TIMING" Name="Genesys2_VideoDemoR1_timing_summary_placed.rpt"/>
  <File Type="ROUTE-PWR-RPX" Name="Genesys2_VideoDemoR1_power_routed.rpx"/>
  <File Type="PLACE-RQA-PB" Name="Genesys2_VideoDemoR1_rqa_placed.pb"/>
  <File Type="POSTPLACE-PWROPT-DCP" Name="Genesys2_VideoDemoR1_postplace_pwropt.dcp"/>
  <File Type="BITSTR-MSK" Name="Genesys2_VideoDemoR1.msk"/>
  <File Type="POSTPLACE-PWROPT-TIMING" Name="Genesys2_VideoDemoR1_timing_summary_postplace_pwropted.rpt"/>
  <File Type="PHYSOPT-DCP" Name="Genesys2_VideoDemoR1_physopt.dcp"/>
  <File Type="PHYSOPT-DRC" Name="Genesys2_VideoDemoR1_drc_physopted.rpt"/>
  <File Type="BITSTR-RBT" Name="Genesys2_VideoDemoR1.rbt"/>
  <File Type="PHYSOPT-TIMING" Name="Genesys2_VideoDemoR1_timing_summary_physopted.rpt"/>
  <File Type="ROUTE-ERROR-DCP" Name="Genesys2_VideoDemoR1_routed_error.dcp"/>
  <File Type="ROUTE-DCP" Name="Genesys2_VideoDemoR1_routed.dcp"/>
  <File Type="ROUTE-BLACKBOX-DCP" Name="Genesys2_VideoDemoR1_routed_bb.dcp"/>
  <File Type="ROUTE-DRC" Name="Genesys2_VideoDemoR1_drc_routed.rpt"/>
  <File Type="ROUTE-DRC-PB" Name="Genesys2_VideoDemoR1_drc_routed.pb"/>
  <File Type="ROUTE-DRC-RPX" Name="Genesys2_VideoDemoR1_drc_routed.rpx"/>
  <File Type="ROUTE-METHODOLOGY-DRC" Name="Genesys2_VideoDemoR1_methodology_drc_routed.rpt"/>
  <File Type="ROUTE-METHODOLOGY-DRC-RPX" Name="Genesys2_VideoDemoR1_methodology_drc_routed.rpx"/>
  <File Type="ROUTE-METHODOLOGY-DRC-PB" Name="Genesys2_VideoDemoR1_methodology_drc_routed.pb"/>
  <File Type="ROUTE-RQS-PB" Name="Genesys2_VideoDemoR1_rqs_routed.pb"/>
  <File Type="ROUTE-STATUS" Name="Genesys2_VideoDemoR1_route_status.rpt"/>
  <File Type="ROUTE-STATUS-PB" Name="Genesys2_VideoDemoR1_route_status.pb"/>
  <File Type="ROUTE-TIMINGSUMMARY" Name="Genesys2_VideoDemoR1_timing_summary_routed.rpt"/>
  <File Type="ROUTE-TIMING-PB" Name="Genesys2_VideoDemoR1_timing_summary_routed.pb"/>
  <File Type="ROUTE-TIMING-RPX" Name="Genesys2_VideoDemoR1_timing_summary_routed.rpx"/>
  <File Type="ROUTE-SIMILARITY" Name="Genesys2_VideoDemoR1_incremental_reuse_routed.rpt"/>
  <File Type="ROUTE-CLK" Name="Genesys2_VideoDemoR1_clock_utilization_routed.rpt"/>
  <File Type="ROUTE-BUS-SKEW" Name="Genesys2_VideoDemoR1_bus_skew_routed.rpt"/>
  <File Type="ROUTE-BUS-SKEW-PB" Name="Genesys2_VideoDemoR1_bus_skew_routed.pb"/>
  <File Type="ROUTE-BUS-SKEW-RPX" Name="Genesys2_VideoDemoR1_bus_skew_routed.rpx"/>
  <File Type="POSTROUTE-PHYSOPT-DCP" Name="Genesys2_VideoDemoR1_postroute_physopt.dcp"/>
  <File Type="POSTROUTE-PHYSOPT-BLACKBOX-DCP" Name="Genesys2_VideoDemoR1_postroute_physopt_bb.dcp"/>
  <File Type="POSTROUTE-PHYSOPT-TIMING" Name="Genesys2_VideoDemoR1_timing_summary_postroute_physopted.rpt"/>
  <File Type="POSTROUTE-PHYSOPT-TIMING-PB" Name="Genesys2_VideoDemoR1_timing_summary_postroute_physopted.pb"/>
  <File Type="POSTROUTE-PHYSOPT-TIMING-RPX" Name="Genesys2_VideoDemoR1_timing_summary_postroute_physopted.rpx"/>
  <File Type="POSTROUTE-PHYSOPT-BUS-SKEW" Name="Genesys2_VideoDemoR1_bus_skew_postroute_physopted.rpt"/>
  <File Type="BG-BIT" Name="Genesys2_VideoDemoR1.bit"/>
  <File Type="POSTROUTE-PHYSOPT-BUS-SKEW-PB" Name="Genesys2_VideoDemoR1_bus_skew_postroute_physopted.pb"/>
  <File Type="POSTROUTE-PHYSOPT-BUS-SKEW-RPX" Name="Genesys2_VideoDemoR1_bus_skew_postroute_physopted.rpx"/>
  <File Type="BITSTR-NKY" Name="Genesys2_VideoDemoR1.nky"/>
  <File Type="BITSTR-BMM" Name="Genesys2_VideoDemoR1_bd.bmm"/>
  <File Type="PDI-FILE" Name="Genesys2_VideoDemoR1.pdi"/>
  <File Type="BOOT-PDI-FILE" Name="Genesys2_VideoDemoR1_boot.pdi"/>
  <File Type="PL-PDI-FILE" Name="Genesys2_VideoDemoR1_pld.pdi"/>
  <File Type="RCFI_FILE" Name="Genesys2_VideoDemoR1.rcfi"/>
  <File Type="CFI_FILE" Name="Genesys2_VideoDemoR1.cfi"/>
  <File Type="RNPI_FILE" Name="Genesys2_VideoDemoR1.rnpi"/>
  <File Type="NPI_FILE" Name="Genesys2_VideoDemoR1.npi"/>
  <File Type="RBD_FILE" Name="Genesys2_VideoDemoR1.rbd"/>
  <File Type="BITSTR-LTX" Name="debug_nets.ltx"/>
  <File Type="BITSTR-LTX" Name="Genesys2_VideoDemoR1.ltx"/>
  <File Type="BITSTR-SYSDEF" Name="Genesys2_VideoDemoR1.sysdef"/>
  <File Type="BG-BGN" Name="Genesys2_VideoDemoR1.bgn"/>
  <File Type="BG-DRC" Name="Genesys2_VideoDemoR1.drc"/>
  <File Type="RDI-RDI" Name="Genesys2_VideoDemoR1.vdi"/>
  <File Type="WBT-USG" Name="usage_statistics_webtalk.html"/>
  <File Type="ROUTE-RQS" Name="Genesys2_VideoDemoR1_routed.rqs"/>
  <File Type="POSTROUTE-PHYSOPT-RQS" Name="Genesys2_VideoDemoR1_postroute_physopted.rqs"/>
  <File Type="ROUTE-RQS-RPT" Name="route_report_qor_suggestions_0.rpt"/>
  <File Type="POSTROUTE-PHYSOPT-RQS-RPT" Name="postroute_physopt_report_qor_suggestions_0.rpt"/>
  <FileSet Name="sources" Type="DesignSrcs" RelSrcDir="$PSRCDIR/sources_1" RelGenDir="$PGENDIR/sources_1">
    <Filter Type="Srcs"/>
    <File Path="$PSRCDIR/sources_1/ip/blk_mem_gen_0/blk_mem_gen_0.xci">
      <FileInfo>
        <Attr Name="UsedIn" Val="synthesis"/>
        <Attr Name="UsedIn" Val="implementation"/>
        <Attr Name="UsedIn" Val="simulation"/>
      </FileInfo>
    </File>
    <File Path="$PSRCDIR/sources_1/ip/blk_mem_gen_1/blk_mem_gen_1.xci">
      <FileInfo>
        <Attr Name="UsedIn" Val="synthesis"/>
        <Attr Name="UsedIn" Val="implementation"/>
        <Attr Name="UsedIn" Val="simulation"/>
      </FileInfo>
    </File>
    <File Path="$PSRCDIR/sources_1/ip/MemTx_1/MemTx_1.xci">
      <FileInfo>
        <Attr Name="UsedIn" Val="synthesis"/>
        <Attr Name="UsedIn" Val="implementation"/>
        <Attr Name="UsedIn" Val="simulation"/>
      </FileInfo>
    </File>
    <File Path="$PSRCDIR/sources_1/ip/DPRAM_W245_R32/DPRAM_W245_R32.xci">
      <FileInfo>
        <Attr Name="UsedIn" Val="synthesis"/>
        <Attr Name="UsedIn" Val="implementation"/>
        <Attr Name="UsedIn" Val="simulation"/>
      </FileInfo>
    </File>
    <File Path="$PPRDIR/../srcs/AccCuentas.v">
      <FileInfo>
        <Attr Name="UsedIn" Val="synthesis"/>
        <Attr Name="UsedIn" Val="implementation"/>
        <Attr Name="UsedIn" Val="simulation"/>
      </FileInfo>
    </File>
    <File Path="$PPRDIR/../srcs/ID220.v">
      <FileInfo>
        <Attr Name="UsedIn" Val="synthesis"/>
        <Attr Name="UsedIn" Val="implementation"/>
        <Attr Name="UsedIn" Val="simulation"/>
      </FileInfo>
    </File>
    <File Path="$PPRDIR/../srcs/OneShoot.v">
      <FileInfo>
        <Attr Name="UsedIn" Val="synthesis"/>
        <Attr Name="UsedIn" Val="implementation"/>
        <Attr Name="UsedIn" Val="simulation"/>
      </FileInfo>
    </File>
    <File Path="$PPRDIR/../srcs/PreProc_Cs_ID220.v">
      <FileInfo>
        <Attr Name="UsedIn" Val="synthesis"/>
        <Attr Name="UsedIn" Val="implementation"/>
        <Attr Name="UsedIn" Val="simulation"/>
      </FileInfo>
    </File>
    <File Path="$PPRDIR/../srcs/SimpleOneShot_ID220.v">
      <FileInfo>
        <Attr Name="UsedIn" Val="synthesis"/>
        <Attr Name="UsedIn" Val="implementation"/>
        <Attr Name="UsedIn" Val="simulation"/>
      </FileInfo>
    </File>
    <File Path="$PPRDIR/../srcs/UART_Rx.v">
      <FileInfo>
        <Attr Name="UsedIn" Val="synthesis"/>
        <Attr Name="UsedIn" Val="implementation"/>
        <Attr Name="UsedIn" Val="simulation"/>
      </FileInfo>
    </File>
    <File Path="$PPRDIR/../srcs/UART_TX_control.v">
      <FileInfo>
        <Attr Name="UsedIn" Val="synthesis"/>
        <Attr Name="UsedIn" Val="implementation"/>
        <Attr Name="UsedIn" Val="simulation"/>
      </FileInfo>
    </File>
    <File Path="$PPRDIR/../srcs/UART_Tx.v">
      <FileInfo>
        <Attr Name="UsedIn" Val="synthesis"/>
        <Attr Name="UsedIn" Val="implementation"/>
        <Attr Name="UsedIn" Val="simulation"/>
      </FileInfo>
    </File>
    <File Path="$PPRDIR/../srcs/control_DM.v">
      <FileInfo>
        <Attr Name="UsedIn" Val="synthesis"/>
        <Attr Name="UsedIn" Val="implementation"/>
        <Attr Name="UsedIn" Val="simulation"/>
      </FileInfo>
    </File>
    <File Path="$PPRDIR/../srcs/control_Tx.v">
      <FileInfo>
        <Attr Name="UsedIn" Val="synthesis"/>
        <Attr Name="UsedIn" Val="implementation"/>
        <Attr Name="UsedIn" Val="simulation"/>
      </FileInfo>
    </File>
    <File Path="$PPRDIR/../srcs/control_parametros.v">
      <FileInfo>
        <Attr Name="UsedIn" Val="synthesis"/>
        <Attr Name="UsedIn" Val="implementation"/>
        <Attr Name="UsedIn" Val="simulation"/>
      </FileInfo>
    </File>
    <File Path="$PPRDIR/../srcs/control_phase.v">
      <FileInfo>
        <Attr Name="UsedIn" Val="synthesis"/>
        <Attr Name="UsedIn" Val="implementation"/>
        <Attr Name="UsedIn" Val="simulation"/>
      </FileInfo>
    </File>
    <File Path="$PPRDIR/../srcs/counter_ADP.v">
      <FileInfo>
        <Attr Name="UsedIn" Val="synthesis"/>
        <Attr Name="UsedIn" Val="implementation"/>
        <Attr Name="UsedIn" Val="simulation"/>
      </FileInfo>
    </File>
    <File Path="$PPRDIR/../srcs/dcodeNto8.v">
      <FileInfo>
        <Attr Name="UsedIn" Val="synthesis"/>
        <Attr Name="UsedIn" Val="implementation"/>
        <Attr Name="UsedIn" Val="simulation"/>
      </FileInfo>
    </File>
    <File Path="$PPRDIR/../srcs/display_clocks.v">
      <FileInfo>
        <Attr Name="UsedIn" Val="synthesis"/>
        <Attr Name="UsedIn" Val="implementation"/>
        <Attr Name="UsedIn" Val="simulation"/>
      </FileInfo>
    </File>
    <File Path="$PPRDIR/../srcs/modulo_Tx.v">
      <FileInfo>
        <Attr Name="UsedIn" Val="synthesis"/>
        <Attr Name="UsedIn" Val="implementation"/>
        <Attr Name="UsedIn" Val="simulation"/>
      </FileInfo>
    </File>
    <File Path="$PPRDIR/../srcs/pmodDA2.v">
      <FileInfo>
        <Attr Name="UsedIn" Val="synthesis"/>
        <Attr Name="UsedIn" Val="implementation"/>
        <Attr Name="UsedIn" Val="simulation"/>
      </FileInfo>
    </File>
    <File Path="$PPRDIR/../srcs/sync_pulse_det_generator.v">
      <FileInfo>
        <Attr Name="UsedIn" Val="synthesis"/>
        <Attr Name="UsedIn" Val="implementation"/>
        <Attr Name="UsedIn" Val="simulation"/>
      </FileInfo>
    </File>
    <File Path="$PPRDIR/../srcs/tick_generator.v">
      <FileInfo>
        <Attr Name="UsedIn" Val="synthesis"/>
        <Attr Name="UsedIn" Val="implementation"/>
        <Attr Name="UsedIn" Val="simulation"/>
      </FileInfo>
    </File>
    <File Path="$PPRDIR/../srcs/video_sync_generator.v">
      <FileInfo>
        <Attr Name="UsedIn" Val="synthesis"/>
        <Attr Name="UsedIn" Val="implementation"/>
        <Attr Name="UsedIn" Val="simulation"/>
      </FileInfo>
    </File>
    <File Path="$PPRDIR/../srcs/TMDS_encoder.vhd">
      <FileInfo>
        <Attr Name="UsedIn" Val="synthesis"/>
        <Attr Name="UsedIn" Val="simulation"/>
      </FileInfo>
    </File>
    <File Path="$PPRDIR/../srcs/VideoLineBuffer_1.vhd">
      <FileInfo>
        <Attr Name="UsedIn" Val="synthesis"/>
        <Attr Name="UsedIn" Val="simulation"/>
      </FileInfo>
    </File>
    <File Path="$PPRDIR/../srcs/dpti_ctrl.vhd">
      <FileInfo>
        <Attr Name="UsedIn" Val="synthesis"/>
        <Attr Name="UsedIn" Val="simulation"/>
      </FileInfo>
    </File>
    <File Path="$PPRDIR/../srcs/dvid.vhd">
      <FileInfo>
        <Attr Name="UsedIn" Val="synthesis"/>
        <Attr Name="UsedIn" Val="simulation"/>
      </FileInfo>
    </File>
    <File Path="$PPRDIR/../srcs/Genesys2_VideoDemoR1.vhd">
      <FileInfo>
        <Attr Name="UsedIn" Val="synthesis"/>
        <Attr Name="UsedIn" Val="simulation"/>
      </FileInfo>
    </File>
    <File Path="$PSRCDIR/sources_1/ip/mig_7series_0/mig_a.prj">
      <FileInfo>
        <Attr Name="UsedIn" Val="synthesis"/>
        <Attr Name="ScopedToCell" Val="mig_7series_0"/>
      </FileInfo>
    </File>
    <File Path="$PSRCDIR/sources_1/ip/mig_7series_0/mig_b.prj">
      <FileInfo>
        <Attr Name="UsedIn" Val="synthesis"/>
        <Attr Name="ScopedToCell" Val="mig_7series_0"/>
      </FileInfo>
    </File>
    <File Path="$PSRCDIR/sources_1/new/counter_ADP_ID220.v">
      <FileInfo>
        <Attr Name="AutoDisabled" Val="1"/>
        <Attr Name="UsedIn" Val="synthesis"/>
        <Attr Name="UsedIn" Val="implementation"/>
        <Attr Name="UsedIn" Val="simulation"/>
      </FileInfo>
    </File>
    <File Path="$PPRDIR/../srcs/PreProc_Cs.v">
      <FileInfo>
        <Attr Name="AutoDisabled" Val="1"/>
        <Attr Name="UsedIn" Val="synthesis"/>
        <Attr Name="UsedIn" Val="implementation"/>
        <Attr Name="UsedIn" Val="simulation"/>
      </FileInfo>
    </File>
    <File Path="$PPRDIR/../srcs/counter_ADP_ID220.v">
      <FileInfo>
        <Attr Name="AutoDisabled" Val="1"/>
        <Attr Name="UsedIn" Val="synthesis"/>
        <Attr Name="UsedIn" Val="implementation"/>
        <Attr Name="UsedIn" Val="simulation"/>
      </FileInfo>
    </File>
    <File Path="$PPRDIR/../srcs/SimpleOneShot.v">
      <FileInfo>
        <Attr Name="AutoDisabled" Val="1"/>
        <Attr Name="UsedIn" Val="synthesis"/>
        <Attr Name="UsedIn" Val="implementation"/>
        <Attr Name="UsedIn" Val="simulation"/>
      </FileInfo>
    </File>
    <Config>
      <Option Name="DesignMode" Val="RTL"/>
      <Option Name="TopModule" Val="Genesys2_VideoDemoR1"/>
    </Config>
  </FileSet>
  <FileSet Name="constrs_in" Type="Constrs" RelSrcDir="$PSRCDIR/constrs_1" RelGenDir="$PGENDIR/constrs_1">
    <Filter Type="Constrs"/>
    <File Path="$PPRDIR/../srcs/Genesys-2_Video.xdc">
      <FileInfo>
        <Attr Name="UsedIn" Val="synthesis"/>
        <Attr Name="UsedIn" Val="implementation"/>
      </FileInfo>
    </File>
    <File Path="$PPRDIR/../srcs/timing.xdc">
      <FileInfo>
        <Attr Name="UsedIn" Val="synthesis"/>
        <Attr Name="UsedIn" Val="implementation"/>
      </FileInfo>
    </File>
    <Config>
      <Option Name="TargetConstrsFile" Val="$PPRDIR/../srcs/Genesys-2_Video.xdc"/>
      <Option Name="ConstrsType" Val="XDC"/>
    </Config>
  </FileSet>
  <FileSet Name="utils" Type="Utils" RelSrcDir="$PSRCDIR/utils_1" RelGenDir="$PGENDIR/utils_1">
    <Filter Type="Utils"/>
    <File Path="$PSRCDIR/utils_1/imports/synth_1/Genesys2_VideoDemoR1.dcp">
      <FileInfo>
        <Attr Name="UsedIn" Val="synthesis"/>
        <Attr Name="UsedIn" Val="implementation"/>
        <Attr Name="UsedInSteps" Val="synth_1"/>
        <Attr Name="AutoDcp" Val="1"/>
      </FileInfo>
    </File>
    <Config>
      <Option Name="TopAutoSet" Val="TRUE"/>
    </Config>
  </FileSet>
  <Strategy Version="1" Minor="2">
    <StratHandle Name="Vivado Implementation Defaults" Flow="Vivado Implementation 2022"/>
    <Step Id="init_design"/>
    <Step Id="opt_design"/>
    <Step Id="power_opt_design"/>
    <Step Id="place_design"/>
    <Step Id="post_place_power_opt_design"/>
    <Step Id="phys_opt_design"/>
    <Step Id="route_design"/>
    <Step Id="post_route_phys_opt_design"/>
    <Step Id="write_bitstream">
      <Option Id="BinFile">1</Option>
    </Step>
  </Strategy>
  <BlockFileSet Type="BlockSrcs" Name="dpti_clock"/>
  <BlockFileSet Type="BlockSrcs" Name="mig_7series_0"/>
  <BlockFileSet Type="BlockSrcs" Name="clk_wiz_0"/>
</GenRun>
