<?xml version="1.0" encoding="UTF-8"?>
<GenRun Id="mig_7series_0_synth_1" LaunchPart="xc7k325tffg900-2" LaunchTime="1749493212">
  <File Type="PA-TCL" Name="mig_7series_0.tcl"/>
  <File Type="REPORTS-TCL" Name="mig_7series_0_reports.tcl"/>
  <File Type="RDS-RDS" Name="mig_7series_0.vds"/>
  <File Type="RDS-UTIL" Name="mig_7series_0_utilization_synth.rpt"/>
  <File Type="RDS-UTIL-PB" Name="mig_7series_0_utilization_synth.pb"/>
  <File Type="RDS-DCP" Name="mig_7series_0.dcp"/>
  <FileSet Name="sources" Type="BlockSrcs" RelSrcDir="$PSRCDIR/mig_7series_0" RelGenDir="$PGENDIR/mig_7series_0">
    <File Path="$PSRCDIR/sources_1/ip/mig_7series_0/mig_7series_0.xci">
      <FileInfo>
        <Attr Name="UsedIn" Val="synthesis"/>
        <Attr Name="UsedIn" Val="implementation"/>
        <Attr Name="UsedIn" Val="simulation"/>
      </FileInfo>
    </File>
    <Config>
      <Option Name="TopModule" Val="mig_7series_0"/>
      <Option Name="UseBlackboxStub" Val="1"/>
    </Config>
  </FileSet>
  <FileSet Name="constrs_in" Type="BlockSrcs" RelSrcDir="$PSRCDIR/mig_7series_0" RelGenDir="$PGENDIR/mig_7series_0">
    <File Path="$PSRCDIR/sources_1/ip/mig_7series_0/mig_7series_0.xci">
      <FileInfo>
        <Attr Name="UsedIn" Val="synthesis"/>
        <Attr Name="UsedIn" Val="implementation"/>
        <Attr Name="UsedIn" Val="simulation"/>
      </FileInfo>
    </File>
    <Config>
      <Option Name="TopModule" Val="mig_7series_0"/>
      <Option Name="UseBlackboxStub" Val="1"/>
    </Config>
  </FileSet>
  <FileSet Name="utils" Type="Utils" RelSrcDir="$PSRCDIR/utils_1" RelGenDir="$PGENDIR/utils_1">
    <Filter Type="Utils"/>
    <File Path="$PSRCDIR/utils_1/imports/synth_1/Genesys2_VideoDemoR1.dcp">
      <FileInfo>
        <Attr Name="UsedIn" Val="synthesis"/>
        <Attr Name="UsedIn" Val="implementation"/>
        <Attr Name="UsedInSteps" Val="synth_1"/>
        <Attr Name="AutoDcp" Val="1"/>
      </FileInfo>
    </File>
    <Config>
      <Option Name="TopAutoSet" Val="TRUE"/>
    </Config>
  </FileSet>
  <Strategy Version="1" Minor="2">
    <StratHandle Name="Vivado Synthesis Defaults" Flow="Vivado Synthesis 2023"/>
    <Step Id="synth_design"/>
  </Strategy>
</GenRun>
