<?xml version="1.0" encoding="UTF-8"?>
<GenRun Id="dpti_clock_synth_1" LaunchPart="xc7k325tffg900-2" LaunchTime="1706275865">
  <File Type="PA-TCL" Name="dpti_clock.tcl"/>
  <File Type="REPORTS-TCL" Name="dpti_clock_reports.tcl"/>
  <File Type="RDS-RDS" Name="dpti_clock.vds"/>
  <File Type="RDS-UTIL" Name="dpti_clock_utilization_synth.rpt"/>
  <File Type="RDS-UTIL-PB" Name="dpti_clock_utilization_synth.pb"/>
  <File Type="RDS-DCP" Name="dpti_clock.dcp"/>
  <FileSet Name="sources" Type="BlockSrcs" RelSrcDir="$PSRCDIR/dpti_clock" RelGenDir="$PGENDIR/dpti_clock">
    <File Path="$PSRCDIR/sources_1/ip/dpti_clock/dpti_clock.xci">
      <FileInfo>
        <Attr Name="UsedIn" Val="synthesis"/>
        <Attr Name="UsedIn" Val="implementation"/>
        <Attr Name="UsedIn" Val="simulation"/>
      </FileInfo>
    </File>
    <Config>
      <Option Name="TopModule" Val="dpti_clock"/>
      <Option Name="UseBlackboxStub" Val="1"/>
    </Config>
  </FileSet>
  <FileSet Name="constrs_in" Type="BlockSrcs" RelSrcDir="$PSRCDIR/dpti_clock" RelGenDir="$PGENDIR/dpti_clock">
    <File Path="$PSRCDIR/sources_1/ip/dpti_clock/dpti_clock.xci">
      <FileInfo>
        <Attr Name="UsedIn" Val="synthesis"/>
        <Attr Name="UsedIn" Val="implementation"/>
        <Attr Name="UsedIn" Val="simulation"/>
      </FileInfo>
    </File>
    <Config>
      <Option Name="TopModule" Val="dpti_clock"/>
      <Option Name="UseBlackboxStub" Val="1"/>
    </Config>
  </FileSet>
  <FileSet Name="utils" Type="Utils" RelSrcDir="$PSRCDIR/utils_1" RelGenDir="$PGENDIR/utils_1">
    <Filter Type="Utils"/>
    <File Path="$PSRCDIR/utils_1/imports/synth_1/Genesys2_VideoDemoR1.dcp">
      <FileInfo>
        <Attr Name="UsedIn" Val="synthesis"/>
        <Attr Name="UsedIn" Val="implementation"/>
        <Attr Name="UsedInSteps" Val="synth_1"/>
        <Attr Name="AutoDcp" Val="1"/>
      </FileInfo>
    </File>
    <Config>
      <Option Name="TopAutoSet" Val="TRUE"/>
    </Config>
  </FileSet>
  <Strategy Version="1" Minor="2">
    <StratHandle Name="Vivado Synthesis Defaults" Flow="Vivado Synthesis 2023"/>
    <Step Id="synth_design"/>
  </Strategy>
</GenRun>
